title,genre,platform,publisher,developer,release_date,active_players_24h,user_rating,min_os_req,release_year
Overwatch,Shooter,PC (Windows),Activision Blizzard,Blizzard Entertainment,2022-10-04,31658,3.05946335933773,Windows 10 64-bit ,2022
PUBG: BATTLEGROUNDS,Shooter,PC (Windows),"KRAFTON, Inc.","KRAFTON, Inc.",2022-01-12,41427,4.175589264839024,"64-bit Windows 7, Windows 8.1, Windows 10",2022
Enlisted,Shooter,PC (Windows),Gaijin Entertainment,Darkflow Software,2021-04-08,37213,3.862680798614721,Windows 7 / 8 / 10 64bit,2021
Neverness to Everness,RPG,PC (Windows),Perfect World Entertainment,Hotta Studio,2026-04-29,29519,3.222063395183608,Windows 10 / 11,2026
FragPunk,Shooter,PC (Windows),Bad Guitar Studio,Bad Guitar Studio,2025-03-06,19941,4.744560637289437,Windows 10 64-bit or newer,2025
Throne And Liberty,MMORPG,PC (Windows),Amazon Games,NCSoft,2024-10-01,33919,4.007996132121948,Windows 10（64-bit),2024
Fall Guys,Battle Royale,PC (Windows),Mediatonic,Mediatonic,2020-08-04,39484,3.6519146654037296,Windows 10 64bit,2020
Game Of Thrones Winter Is Coming,Strategy,Web Browser,GTArcade,YOOZOO Games ,2019-11-14,8485,3.4080607202509565,Not Specified,2019
Elvenar,Strategy,Web Browser,InnoGames,InnoGames,2015-04-08,23180,4.038347594453407,Not Specified,2015
Neverwinter,MMORPG,PC (Windows),Perfect World Entertainment,Cryptic Studios,2013-12-06,4510,3.711728617381756,"Windows® XP, Windows Vista, Windows 7 or Windows 8 ",2013
Lost Ark,ARPG,PC (Windows),Amazon Games,Smilegate RPG,2022-02-11,13673,4.234437297868237,Windows 10 (64-bit only),2022
Genshin Impact,Action RPG,PC (Windows),miHoYo,miHoYo,2020-09-28,22200,3.9545535832830616,Windows 7 SP1 64-bit,2020
Hero Wars: Dominion Era,MMORPG,Web Browser,Nexters,Nexters,2016-10-01,44401,3.106105879688494,Not Specified,2016
World of Warships,Shooter,PC (Windows),Wargaming,Wargaming,2015-07-02,20283,3.218236966193844,"Windows XP, Windows Vista, or Windows 7",2015
World of Tanks,Shooter,PC (Windows),Wargaming,Wargaming,2011-04-12,6618,4.779497722761286,Windows XP / Vista / 7 / 8,2011
Diablo Immortal,MMOARPG,PC (Windows),Blizzard Entertainment,Blizzard Entertainment,2022-06-02,4325,4.274949557198635,Windows 7 / Windows 8 / Windows 10 / Windows 11 (64-bit),2022
Phantasy Star Online 2 New Genesis,MMORPG,PC (Windows),Sega,Sega,2021-06-09,41327,3.5163092747154305,Windows 8.1,2021
Crossout,Shooter,PC (Windows),Targem,Gaijin,2017-05-30,4923,3.2133616120969384,Not Specified,2017
War Thunder,Shooter,PC (Windows),Gaijin Entertainment,Gaijin Entertainment,2013-08-15,6289,4.797170972225324,"Windows XP SP2, Windows Vista SP1, Windows 7, Windows 8",2013
Battlefield REDSEC,Shooter,PC (Windows),Electronic Arts,Battlefield Studios,2025-10-28,43945,4.035902719151759,Windows 10,2025
Foundation: Galactic Frontier,Strategy,PC (Windows),FunPlus International,FunPlus International,2025-10-21,39269,4.595261497969243,Not Specified,2025
Marvel Rivals,Shooter,PC (Windows),NetEase,NetEase,2024-12-06,47483,4.236709118720862,Windows 10 64-bit (1909 or newer),2024
Project Entropy,Strategy,PC (Windows),FunPlus International,FunPlus International,2024-04-17,40152,4.603015903549122,Not Specified,2024
Palia,MMORPG,PC (Windows),Singularity Six,Singularity Six,2023-08-10,41000,3.3273454645655667,Windows 10 64-bit or higher,2023
League of Angels - Heaven's Fury,MMORPG,Web Browser,Gtarcade,Yoozoo Games,2020-01-09,28531,3.472527032312205,Not Specified,2020
Forge of Empires,Strategy,Web Browser,InnoGames,InnoGames,2012-04-17,24872,3.9768018516701344,Not Specified,2012
Star Trek Online,MMORPG,PC (Windows),Perfect World Entertainment, Cryptic Studios,2010-02-02,48595,4.288702938015009,Windows XP SP2 / Windows Vista / Windows 7 ,2010
Where Winds Meet,RPG,PC (Windows),Everstone Studio,NetEase Games,2025-11-14,23266,3.1252289878618646,Windows 10/11 64bit,2025
Brighter Shores,MMORPG,PC (Windows),Fen Research LTD,Fen Research LTD,2024-11-06,8116,4.420591218874792,Windows 10/11,2024
Halo Infinite,Shooter,PC (Windows),Xbox Game Studios,343 Industries,2021-11-15,10004,4.167655073242055,Windows 10 RS5 x64,2021
Valorant,Shooter,PC (Windows),Riot Games,Riot Games,2020-06-02,13782,4.398385418140634,Windows 7/8/10,2020
Phantasy Star Online 2,MMORPG,PC (Windows),SEGA,SEGA,2020-05-27,47593,4.990463913311853,Windows 10 Version 18362.0 and higher (64-bit),2020
Call of Duty: Warzone,Shooter,PC (Windows),Activision,Infinity Ward,2020-03-10,6096,3.6970877803888835,Windows 7 64-Bit (SP1) or Windows 10 64-Bit,2020
Destiny 2,Shooter,PC (Windows),Bungie,Bungie,2019-10-01,15837,3.441568676246462,Windows Vista or newer ,2019
Apex Legends,Shooter,PC (Windows),Electronic Arts,Electronic Arts,2019-02-04,3171,3.661288583493306,64-bit Windows 10,2019
Fortnite,Shooter,PC (Windows),Epic Games,Epic Games,2017-09-26,7848,3.3455490985610483,Window 7 or later,2017
Blade and Soul,MMORPG,PC (Windows),NCSoft,NCSoft,2016-01-19,36857,3.33001111672678,Windows XP,2016
Brawlhalla,Fighting,PC (Windows),Blue Mammoth Games,Blue Mammoth Games,2015-11-03,36658,3.819311827332017,?,2015
Trove,MMORPG,PC (Windows),Trion Worlds,Trion Worlds,2015-07-09,27165,4.886276040402447,Vista 32-bit Service Pack 2 ,2015
Guild Wars 2,MMORPG,PC (Windows),NCsoft,ArenaNet,2012-08-28,37620,4.881052309652705,Windows® XP Service Pack 3 or better,2012
Goodgame Empire,Strategy,Web Browser,Goodgame Studios,Goodgame Studios,2011-08-14,30064,3.913591369458488,Not Specified,2011
RuneScape,MMORPG,"PC (Windows), Web Browser",Jagex,Jagex,2001-01-04,32219,3.5837290146879877,Not Specified,2001
Tibia,MMORPG,PC (Windows),CipSoft,CipSoft,1997-01-07,2300,3.2371551748975227,Windows XP or newer. Linux Compatible,1997
Arknights: Endfield,Strategy,PC (Windows),GRYPHLINE,Hypergryph,2026-01-21,12778,4.712498078033379,Windows 10 64-bit,2026
Wuthering Waves,RPG,PC (Windows),Kuro Games,Kuro Games,2024-05-22,5404,3.946584873860533,Windows10 64-bit,2024
The Seven Deadly Sins: Origin,RPG,PC (Windows),Netmarble,Netmarble,2026-03-16,2967,3.576818783949662,Windows 10 64 bit,2026
Heartopia,Social,PC (Windows),XD,XD,2026-01-16,19241,4.552841930426817,Windows 10,2026
Reign of Guilds,MMORPG,PC (Windows),Atlant Games Ltd,Atlant Games Ltd,2025-11-26,39549,3.9294829391536203,Windows 10 x64,2025
2XKO,Fighting,PC (Windows),Riot Games,Riot Games,2025-10-07,43218,4.467572968625262,Windows 10,2025
Blue Protocol: Star Resonance,MMORPG,PC (Windows),A Plus,Shanghai Bokura Networkd Technology,2025-10-09,27247,3.8890555276980145,Windows 10 64-bit,2025
Raven2,MMORPG,PC (Windows),Netmarble,Netmarble,2025-10-22,7450,4.1447467233663415,Windows 10 (64-bit) or later,2025
Superball,Sports,PC (Windows),Logoi Games,Pathea Games,2025-10-28,48787,4.564129381222071, Windows 7+ / 8.1 / 10 64 bit,2025
World of Sea Battle,MMORPG,PC (Windows),Thera Interactive,Thera Interactive,2025-10-21,35818,3.488384501888727,64 bit Windows 8 and above,2025
Arena Breakout: Infinite,Shooter,PC (Windows),MoreFun Studios,MoreFun Studios,2025-09-16,19206,4.449893893470679,64-bit Windows 10 or above,2025
Warborne Above Ashes,MMO,PC (Windows),Qooland ,Qooland,2025-09-19,48056,4.093314493596126,Windows 10 (64 bit)/Windows 11 (64 bit),2025
Eterspire,MMORPG,PC (Windows),Stonehollow Workshop,Stonehollow Workshop,2025-09-15,35879,4.664338186155037,Windows 10 (64-bit),2025
skate.,Sports,PC (Windows),Full Circle,Electronic Arts,2025-09-16,13373,3.8614772521005665,"Win 10 64 Bit, non-launch version",2025
Blade & Soul Heroes,MMORPG,PC (Windows),NCSoft,NCSoft,2025-09-24,28097,3.262746765426399,Windows 10 64-bit v1607+,2025
Dragon Ball Gekishin Squadra,MOBA,PC (Windows),Bandai Namco Entertainment,"GANBARION Co., Ltd.",2025-09-09,3288,3.9705858290305187,Windows 11,2025
Dfiance,Card Game,PC (Windows),Dfiance,Dfiance,2025-08-04,29870,4.012478994535901,Windows 10 64bit,2025
Dungeon Stalker,Dungeon Crawler,PC (Windows),OneUniverse,OneUniverse,2025-08-13,3510,3.952798912390761,Windows 10 64-bit,2025
Mecha BREAK,Shooter,PC (Windows),Amazing Seasun Games,Amazing Seasun Games,2025-07-01,14718,3.9661425312557212,Windows 10 64-bit,2025
Terminull Brigade,Shooter,PC (Windows),Pew Pew Games,Pew Pew Games,2025-07-29,12801,3.3732201993986237,Windows 10（64bit）,2025
Umamusume: Pretty Derby,Sports,PC (Windows),"Cygames, Inc.","Cygames, Inc.",2025-06-24,43296,4.207833857301041,Windows 11,2025
Crystal Of Atlan,MMORPG,PC (Windows),Skystone Games,Nuverse,2025-05-26,31355,3.228137443853994,Windows10 64bit,2025
Splitgate: Arena Reloaded,Shooter,PC (Windows),1047 Games,1047 Games,2025-05-22,42684,3.082621884681208,Windows® 10 64 Bit,2025
Steel Hunters,Shooter,PC (Windows),Wargaming ,Wargaming,2025-04-02,37928,3.163751886233694,Windows 10 64-bit,2025
The Lost Glitches,Card Game,PC (Windows),Honig Studios GmbH,Mimunga LLC,2025-04-29,6927,3.5970576723757253,Windows 10,2025
Odin: Valhalla Rising,MMORPG,PC (Windows),Kakao Games,Lionheart Studios,2025-04-29,48879,3.3509866020049914,Windows 10 (64 bit),2025
War Robots: Frontiers,Shooter,PC (Windows),My.games,My.games,2025-03-04,25343,4.291930764755813,Windows 10 64-bit,2025
Delta Force,Shooter,PC (Windows),TiMi Studio Group,Team Jade,2024-12-04,47600,3.176406484297043,Windows 10 64 bit,2024
Strinova,Shooter,PC (Windows),iDreamSky,iDreamSky,2024-11-21,29433,4.909490869715255,Windows 7/8/10/11 64bit,2024
SUPERVIVE,MOBA,PC (Windows),Theorycraft Games,Theorycraft Games,2024-11-20,47082,3.1439140264650716,Windows 10 64-bit build 1909.1350 or newer,2024
Starborne: Frontiers,Strategy,PC (Windows),Solid Clouds hf.,Solid Clouds hf.,2024-10-14,44943,4.528649686745974,Windows 10 and later (64-bit only),2024
Return Alive,Shooter,PC (Windows),KOG,KOG,2024-10-23,27843,3.322772062875058,Windows 10 (64Bit),2024
Spectre Divide,Shooter,PC (Windows),Mountaintop Studios,Mountaintop Studios,2024-09-03,16198,4.713534377827279,Windows 10 Home,2024
Vigor,Shooter,PC (Windows),Bohemia Interactive ,Bohemia Interactive,2024-09-18,25992,4.721284667371354,Windows 10,2024
Smite 2,MOBA,PC (Windows),Hi-Rez Studios,Titan Forge Games,2024-08-27,46090,4.462540909756851,Windows 10 64-bit,2024
The First Descendant,Shooter,PC (Windows),Nexon,"Nexon Games Co., Ltd.",2024-07-02,4338,4.44567790974834,Windows 10,2024
Once Human,Shooter,PC (Windows),Starry Studio,Starry Studio,2024-07-09,4547,3.2407205209555494,Windows 10 64-bit,2024
Stormgate,Strategy,PC (Windows),Frost Giant Studios,Frost Giant Studios,2024-07-30,37440,3.926501325055683,Windows 10+ (64 bit),2024
Zenless Zone Zero,ARPG,PC (Windows),HoYoverse,HoYoverse,2024-07-04,27050,3.437759781200897,"Windows 10 64-bit or later versions, DirectX: 11.1 or later versions",2024
Battle Crush,Battle Royale,PC (Windows),NCSoft,NCSoft,2024-06-27,18940,3.1277814120550143,Windows 10 or later 64-bit (latest update),2024
Screenplay CCG,Card Game,PC (Windows),Comico Games,Comico Games,2024-05-13,29697,4.411926867008422,Windows 10,2024
SolForge Fusion,Card Game,PC (Windows),Stone Blade Entertainment,"Richard Garfield, Justin Gary",2024-04-16,22862,3.8267083907303796,Windows 7 or newer,2024
Sky: Children of the Light,MMORPG,PC (Windows),thatgamecompany,thatgamecompany,2024-04-10,23542,3.31399357987915,"Windows 10 64-bit, build 1903+ (10.0.18362)",2024
Predecessor,MOBA,PC (Windows),Omeda Studios,Omeda Studios,2024-03-28,45487,3.9629664769525617,Windows 10 Home 64 Bit,2024
Project Apidom,MOBA,PC (Windows),"Breach.gg, RedTigerPro",Breach.gg,2024-03-29,5878,4.96589443965529,64-bit Windows 10/11,2024
RAID: Shadow Legends,RPG,PC (Windows),Plarium Global Ltd,Plarium Global Ltd,2024-01-09,32014,4.9276137311366535,"Windows 7, Windows 8, Windows 10",2024
Ravendawn,MMORPG,PC (Windows),Tavernlight Games,Tavernlight Games,2024-01-16,37178,3.9677001343263756,Not Specified,2024
One Punch Man: World,Action Game,PC (Windows),Perfect World Games,Crunchyroll,2024-01-31,4456,3.3776247915058604,Windows 7 SP1 (64-bit),2024
Battle Teams 2,Shooter,PC (Windows),Wizard Games Global,Wizard Games Global,2024-01-31,46258,4.136234316277252,Windows 7 64-bit or newer,2024
The Finals,Shooter,PC (Windows),Embark Studios,Embark Studios,2023-12-07,17179,3.7836669227005846,Windows 10,2023
Infinite Borders,Strategy,PC (Windows),NetEase Games,NetEase Games,2023-12-22,28249,3.813116682235701,Windows 10,2023
Titan Revenge,MMORPG,Web Browser,Game Hollywood Games,Game Hollywood Games,2023-12-20,26597,3.348673923626536,Not Specified,2023
Destiny's Divide,Card Game,PC (Windows),Fobia,Fobia,2023-11-03,44867,4.873994226804449,Windows  7/8/8.1/10 (64 bit),2023
"Warhammer 40,000: Warpforge",Card Game,PC (Windows),Everguild Ltd.,Everguild Ltd.,2023-10-19,22616,3.1524192576586167,2 GB RAM,2023
Microvolts: Recharged,Shooter,PC (Windows),Masangsoft,Masangsoft,2023-09-08,33959,4.475433460022478,Windows 10,2023
Deceit 2,Action,PC (Windows),World Makers,World Makers,2023-09-14,23841,4.721193904705495,Windows 11 64-bit,2023
My Hero Ultra Rumble,Battle Royale,PC (Windows),Bandai Namco,Bandai Namco,2023-09-28,40283,3.078361680919358,Windows 10,2023
Hawked,Shooter,PC (Windows),My.Games,My.Games,2023-08-03,7911,3.2572650294970673,Windows 10 64-bit / Windows 11 64-bit,2023
Tales Of Yore,MMORPG,"PC (Windows), Web Browser",Coke And Code,Coke And Code,2023-08-08,20109,3.187478050164149,"Windows 10, 64 Bit 64bit OS",2023
Waven,Strategy,PC (Windows),Ankama Studio,Ankama Games,2023-08-16,25233,4.140915691732806,Windows 7 SP1+ (64-bit),2023
Town of Salem 2,Strategy,PC (Windows),BlankMediaGames LLC,BlankMediaGames LLC,2023-08-25,31570,4.523232096089782,Windows 7 64-bit,2023
Naraka: Bladepoint,Battle Royale,PC (Windows),24 Entertainment,NetEase,2023-07-13,45201,3.1994412845114475,Windows 7 64-bit or newer,2023
Undawn,Shooter,PC (Windows),Level Infinite,LightSpeed Studios,2023-06-15,46220,4.082119173758951,Windows 7,2023
Eden Eternal,MMORPG,PC (Windows),X-Legend Entertainment,X-Legend Entertainment,2023-05-10,11422,4.022992607447752,Windows 98 / 2000 / XP / Vista / 7 / 8,2023
Veiled Experts,Shooter,PC (Windows),"Nexon Games Co., LTC",Nexon,2023-05-18,8254,4.856111993658967,64-bit Windows 8,2023
Jected - Rivals,Sports,PC (Windows),THQ Nordic,PowWow Entertainment,2023-05-04,26854,4.023372569857742,Windows 10 64 Bit,2023
Ethyrial: Echoes of Yore,MMORPG,PC (Windows), Gellyberry Studios, Gellyberry Studios,2023-05-01,9642,4.463046168302446,"Windows 7,8,10",2023
Honkai: Star Rail,RPG,PC (Windows),HoYoVerse,HoYoVerse,2023-04-26,7942,4.637001945714474,Windows 7 65-Bit,2023
Stalcraft: X,Shooter,PC (Windows),EXBO,EXBO,2022-12-09,36062,4.961168052329141,Windows 10 64-bit / Windows 11 64-bit,2022
Fangs,MOBA,PC (Windows),Hidden Leaf Games,Hidden Leaf Games,2022-11-30,49040,4.75607501653988,Windows 7 and up,2022
Summoners War: Chronicles,MMORPG,PC (Windows),Com2uS,Com2uS,2022-11-09,19341,3.731595705886255,Windows 10,2022
Marvel Snap,Card Game,PC (Windows),Nuverse,"Second Dinner Studios, Inc.",2022-10-18,11772,3.036309698709415,Windows 7 (SP1+),2022
World Boss,Shooter,PC (Windows),Playside,Playside,2022-10-19,20185,4.221312779480246,Windows 10,2022
Omega Strikers,Sports,PC (Windows),Odyssey Interactive,Odyssey Interactive,2022-09-16,25613,3.6685727280569074,Windows 7 and up,2022
Gundam Evolution,Shooter,PC (Windows),Bandai Namco,Bandai Namco,2022-09-21,41122,3.4752950409070644,Windows 10 (64-bit)/Windows 11,2022
Aero Tales Online,MMORPG,PC (Windows),Anisage Games,Anisage Games,2022-08-01,39404,4.495202340160185,Windows 7 or higher,2022
Tower of Fantasy,MMORPG,PC (Windows),Level Infinite,Hotta Studio,2022-08-10,43188,3.835491195247179,Windows 7 SP1 64-bit,2022
Magic Spellslingers,Card Game,PC (Windows),Wizards of the Coast LLC,"Pipeworks Studios, Seismic Games",2022-08-05,30721,3.4382178399956054,Windows 10,2022
A.V.A Global,Shooter,PC (Windows),NEOWIZ,NEOWIZ,2022-08-24,29803,4.250667617069299,Windows7 64Bit,2022
Lost Light,Shooter,PC (Windows),NetEase Games,NetEase Games,2022-08-04,4659,3.6822122622785196,"Windows7SP1, Windows8.1, Windows10",2022
Temperia: Soul of Majestic,Card Game,PC (Windows),Leonardo Interactive,"MoonWolf Entertainment, A2 Softworks",2022-07-26,43098,4.071120608863412,Windows 8,2022
Flyff Universe,MMORPG,Web Browser,Gala Lab,Gala Lab,2022-06-14,46935,4.733233791854637,Not Specified,2022
World of Runes,MMORPG,Web Browser,F5 Game Company Limited,R2 Games,2022-06-13,8773,3.1574298137850842,Not Specified,2022
Roller Champions,Sports,PC (Windows),Ubisoft,Ubisoft,2022-05-25,47363,3.6671949463493947,Windows 10 Home (64bit),2022
"Goose, Goose, DUCK",Strategy,PC (Windows),"Gaggle Studios, Inc.","Gaggle Studios, Inc.",2021-10-03,44755,3.2181289052753437,Windows 7,2021
Super Animal Royale,Shooter,PC (Windows),Pixile,Pixile,2021-08-26,16728,4.6033044560607035,Windows 7+,2021
Super Squad,MOBA,PC (Windows),Bad Fox Studios,Bad Fox Studios,2021-06-25,13823,4.668646217545942,Windows 7/8.1/10,2021
Sherwood Extreme,Shooter,PC (Windows),CAGE Studios,CAGE Studios,2021-05-12,48953,3.983865351365841,Windows 7,2021
Smash Legends,Fighting,PC (Windows),LINE Games Corporation,5minlab,2021-04-13,28114,3.1535683611879826,"WINDOWS® 7, 8, 8.1, 10 (64Bit)",2021
Primordials: Battle of Gods,Strategy,PC (Windows),Wire Games,Global Dodo Entertainment,2021-03-04,16537,4.2040797348554335,Windows 7 or newer,2021
Super Mecha Champions,Shooter,PC (Windows),NetEase Games,NetEase Games,2021-03-25,3352,4.168721091493653,"Windows7, Windows 8.1, Windows 10",2021
Chroma: Bloom And Blight,Card Game,PC (Windows),WhisperGames,Clarity Games,2021-01-28,9991,3.944742198624966,64-bit Windows 7 / Windows 10,2021
Blankos Block Party,MMO,PC (Windows),Third Kind Games,Mythical Games Inc,2020-12-11,23149,3.234653984137295,Windows 10 64-bit ,2020
Slapshot: Rebound,Sports,PC (Windows),Oddshot Games,Oddshot Games,2020-12-07,25351,4.425744517618578,Windows 10 64-bit,2020
Rogue Company,Shooter,PC (Windows),Hi-Rez Studios,First Watch Games,2020-10-01,20749,4.02323322979698,Windows 7 64 bit,2020
Eternal Return,MOBA,PC (Windows),Nimble Neuron,Nimble Neuron,2020-10-14,4815,3.5436210231014895,"WINDOWS® 7, 8, 8.1, 10 (64Bit)",2020
Blood of Steel,Strategy,PC (Windows),YC Games,YC Games,2020-10-20,41151,4.399693984596021,Windows XP/Vista Windows 7/8/10,2020
Spellbreak,Battle Royale,PC (Windows),Proletariat,Proletariat,2020-09-04,33754,3.689835425954727,64-bit Windows 10,2020
Rocket League,Sports,PC (Windows),Psyonix LLC,Psyonix LLC,2020-09-24,25520,4.963617331130914,Windows 7 (64 bit) or Newer (64 bit) Windows OS,2020
Armor Valor,Strategy,Web Browser,R2 Games,R2 Games,2020-07-20,15222,3.244400385599314,Not Specified,2020
Unfortunate Spacemen,Shooter,PC (Windows),New Blood Interactive,Geoff 'Zag' Keene,2020-06-12,4794,3.718422671322406,Windows 7 64-bit,2020
Shop Titans,Strategy,PC (Windows),"Kabam Games, Inc.","Kabam Games, Inc.",2020-05-05,30059,3.8779664998740087,Windows 7,2020
Survivor Legacy,Strategy,Web Browser,R2 Games,GameHollywood,2020-04-07,4298,4.499890498468852,Not Specified,2020
Bombergrounds: Battle Royale,Battle Royale,PC (Windows),Giant Duck Games,Giant Duck Games,2020-03-07,25406,3.9799874714587027,Windows 7 and up,2020
Kakale Online,MMORPG,PC (Windows),ViVa Games,ViVa Games,2020-02-01,17346,3.749328764156816,Windows 7,2020
Darwin Project,Shooter,PC (Windows),Scavengers Studio,Scavengers Studio,2020-01-14,32279,4.257811673415402,Windows 7 and above,2020
Legends of Runeterra,Card Game,PC (Windows),Riot Games,Riot Games,2020-01-24,45962,3.324795400000052,"64-bit Windows 7, 8.1 or 10",2020
CRSED: F.O.A.D.,Shooter,PC (Windows),Gaijin Distribution KFT,Darkflow Software,2019-12-12,9471,4.8418596658375606,Windows 7 64bit /8 64bit /10 64bit,2019
Mirage Online Classic,MMORPG,Web Browser,Retrelon Games,Retrelon Games,2019-12-24,25540,4.243521163570098,Not Specified,2019
Inferna,MMORPG,PC (Windows),INFERNA LIMITED,INFERNA LIMITED,2019-12-21,11431,4.347910418134292,Windows 7,2019
Ultimate Pirates,Strategy,Web Browser,Gameforge,Moonmana,2019-12-02,37767,3.287736227888872,Not Specified,2019
Stay Out,Shooter,PC (Windows),Mobile Technologies LLC,Mobile Technologies LLC,2019-11-27,40602,3.8227767349033357,Windows 7/8 (64-bit),2019
PC Futbol Legends,Sports,PC (Windows),IDG GAmes,IDG GAmes,2019-11-01,35174,4.318230396107657,Not Specified,2019
Vampire Empire,Strategy,Web Browser,R2 Games,F5 Game Company,2019-11-07,16270,3.7640794815558065,Not Specified,2019
Firestone Idle RPG,Strategy,Web Browser,Holyday Studios,Holyday Studios,2019-09-26,14316,3.4169912813729644,Not Specified,2019
Mythgard,Card Game,PC (Windows),Rhino Games Inc.,Rhino Games Inc.,2019-09-18,28792,3.8879893058744033,Windows 7 or newer,2019
Crystal Clash,Strategy,PC (Windows),Crunchy Leaf Games,Crunchy Leaf Games,2019-08-30,37333,4.4462503747904645,Windows 7,2019
Dota Underlords,Strategy,PC (Windows),Valve,Valve,2019-06-21,10287,4.3290077828582625,64-bit Windows 7 / 8 / 10,2019
Minion Masters,Card Game,PC (Windows),Betadwarf,Betadwarf,2019-05-24,15988,4.580466242536937,"Windows 7, Windows 8, Windows 10",2019
Splitgate,Shooter,PC (Windows),1047 Games,1047 Games,2019-05-22,31632,4.1988835837947125,"64-bit Windows 7, Windows 8.1, Windows 10",2019
Eternal Fury,MMORPG,Web Browser,R2 Games,R2 Games,2019-05-21,30263,3.6317219213924368,Not Specified,2019
Conqueror's Blade,Strategy,PC (Windows),Booming Games,Booming Games,2019-05-30,7899,4.274767529580175,Windows 7 64 Bit,2019
Stein.world,MMORPG,Web Browser,PG5-Studio UG,PG5-Studio UG,2019-04-24,43671,3.6752558115299694,Not Specified,2019
Kards,Card Game,PC (Windows),1939 Games,1939 Games,2019-04-12,27346,4.113537479711864,Windows 7 SP 1,2019
KurtzPel,Fighting,PC (Windows),KOG,KOG,2019-04-30,36288,4.077393959688999,"WINDOWS® 7, 8, 8.1, 10 (64-bit required)",2019
The Third Age,Strategy,Web Browser,R2 Games,R2 Games,2019-04-29,33315,4.034554194401156,Not Specified,2019
Eternal,Card Game,PC (Windows),Dire Wolf Digital,Dire Wolf Digital,2018-11-15,11700,4.382704660363034,Not Specified,2018
Artifact,Card Game,PC (Windows),Valve,Valve,2018-11-29,23823,3.909613850282151,64-bit Windows 7 / 8 / 10,2018
World War 3,Shooter,PC (Windows),"Wishlist Games, The 4 Winds Entertainment",The Farm 51,2018-10-19,16422,3.4694932656586395,Windows 10,2018
Combat Arms: Reloaded,Shooter,PC (Windows),"VALOFE, NEXON",Doobic Studios,2018-10-31,23009,4.372267316800314,XP,2018
Dreadnought,Shooter,PC (Windows),Grey Box,Yager Development,2018-10-14,17593,3.942815501894218,Windows 7 64-bit,2018
Spacelords,Shooter,PC (Windows), MercurySteam Entertainment,MercurySteam,2018-09-22,25298,4.915947267101448,Windows 7 or 8,2018
Battlerite Royale,MOBA,PC (Windows),Stunlock Studios,Stunlock Studios,2018-09-26,22895,3.693657165728529,Windows XP or newer,2018
Magic: The Gathering Arena,Card Game,PC (Windows),Wizards of the Coast,Wizards of the Coast,2018-09-27,40761,3.5211986083966833,"Windows 7, Windows 10",2018
League of Angels 3,MMORPG,Web Browser,GTArcade Entertainment,GTArcade Entertainment,2018-08-14,28182,4.141713877441835,Not Specified,2018
BlackShot: Revolution,Shooter,PC (Windows),Papaya Play,Vertigo Games,2018-07-27,27787,3.3357620969314556,Window XP / 2000 / Vista / 7,2018
Cosmos Invictus,Card Game,PC (Windows),Pegnio Ltd,Pegnio Ltd,2018-06-27,27160,4.342532172248026,"Windows XP, Windows Vista, Windows 7, Windows 8",2018
Empire: World War 3,Strategy,Web Browser,Goodgame Studios,Goodgame Studios,2018-06-28,30069,3.478901798969071,Not Specified,2018
Totally Accurate Battlegrounds,Shooter,PC (Windows),Landfall,Landfall,2018-06-06,37668,4.11397108634906,Win 7 64 bit,2018
Will To Live,MMORPG,PC (Windows),AlphaSoft LLC,AlphaSoft LLC,2018-04-05,6507,3.407941759198389,Not Specified,2018
Battle Arena Heroes Adventure,Strategy,Web Browser,Espirit Games,Espirit Games,2018-03-19,2570,4.0098425534939945,Not Specified,2018
Spellsworn,MOBA,PC (Windows),Frogsong Studios AB,Frogsong Studios AB,2018-03-13,49393,4.201998482600358,Windows 7 (64bit),2018
Z1 Battle Royale,Shooter,PC (Windows),Daybreak Game Company,Daybreak Game Company,2018-02-28,20183,4.482343372464195,"Windows 7, 8, 8.1, 10 (64 bit only)",2018
Tale Of Toast,MMORPG,PC (Windows),Toasty Leaf AB,Toasty Leaf AB,2018-02-23,39737,3.5357618552245427,Windows 7 (SP1+)/8.1/10 32bit,2018
SoulWorker,MMORPG,PC (Windows),G・O・P,VALOFE,2018-02-27,30663,3.547164299307245,Windows 7 32 bit,2018
Bombtag,Strategy,PC (Windows),David Schneider,David Schneider,2018-02-12,22471,3.3061904003014018,"Windows XP, Vista, 7, 8, 10",2018
Dead Maze,MMORPG,PC (Windows),801,801,2018-02-13,42642,3.643025222480788,Windows 7,2018
Scions of Fate,MMORPG,PC (Windows),NETGAME Inc,MGAME Corporation,2018-01-30,35498,3.7491073912706407,Not Specified,2018
Wild Terra Online,MMORPG,PC (Windows),Juvty Worlds Ltd.,Juvty Worlds Ltd.,2017-12-18,21808,4.098364464098621,Windows XP/Vista/7/8/10,2017
Global Adventures,MMORPG,PC (Windows),SubaGames,PixelSoft,2017-12-29,11981,3.312678771102477,XP/Vista/7/8/10,2017
Closers,MMORPG,PC (Windows),En Masse Entertainment,Naddic Games,2017-12-19,21879,3.6438527009181136,Windows XP,2017
La Tale Evolved,MMORPG,PC (Windows),Papaya Play,Actoz Soft,2017-11-17,10535,3.2483789797546283,Windows XP/ Vista / 7 / 8 ,2017
Luna Online: Reborn,MMORPG,PC (Windows),Suba Games,Suba Games,2017-10-17,32284,4.871686771512693,Windows 7/8/10,2017
The Ultimatest Battle,Fighting,PC (Windows),Ediogames,Ediogames,2017-09-12,34198,3.9877395691945154,Window 7,2017
Quake Champions,Shooter,PC (Windows),Bethesda Softworks,id Software,2017-08-22,31834,3.2634851953002544,Windows 7 and later,2017
Gods Origin Online,MMORPG,Web Browser,VivaGame,VivaGame,2017-08-29,21443,4.76100270985516,Not Specified,2017
Black Squad,Shooter,PC (Windows),NEOWIZ,NS Studio,2017-07-28,8651,3.3040959868640356,Windows 7 64bit,2017
Secret World Legends,MMORPG,PC (Windows),Funcom,Funcom,2017-07-31,44066,4.297207079461327,Windows XP/Vista/7,2017
Albion Online,MMORPG,PC (Windows),Sandbox Interactive GmbH,Sandbox Interactive GmbH,2017-07-17,37758,3.9882274283761836,"Windows 7, 8 or 10 (64-bit)",2017
Pixel Worlds,MMORPG,PC (Windows),Kukouri Mobile Entertainment ,Kukouri Mobile Entertainment ,2017-06-09,18975,4.303964248760483,Windows 7 or later,2017
Deceit,Shooter,PC (Windows),Automaton,Automaton,2017-05-03,25755,4.906353861856999,Window 7 (64 Bit),2017
Gwent: The Witcher Card Game,Card Game,PC (Windows),CD Projekt Red,CD Projekt Red,2017-05-24,1555,3.6452078165553, Windows 7/8/8.1/10 (64 bit),2017
Awesomenauts,MOBA,PC (Windows),Ronimo Games,Ronimo Games,2017-05-24,1027,3.886785369973362,"Windows 7, 8, or 10",2017
Alien Swarm: Reactive Drop,Shooter,PC (Windows),Reactive Drop,Reactive Drop,2017-04-20,49922,3.1029573249436297,Windows XP or above,2017
Catan Universe,Card Game,PC (Windows),United Soft Media,Exozet,2017-04-25,17614,4.219379193387764, Windows 7 32-big,2017
Krosmaga,Card Game,PC (Windows),Ankama Games,Ankama Studio,2017-04-12,10316,4.099602273605013,Windows 7 or higher,2017
Chronicles of Eidola,MMORPG,Web Browser,AMZ Games,AMZ Games,2017-04-10,31518,3.2414179247512838,Not Specified,2017
MU Legend,MMORPG,PC (Windows),VALOFE,VALOFE,2017-03-23,13685,3.2555983493007092,WinXP SP3,2017
Therian Saga,MMORPG,"PC (Windows), Web Browser",Gameforge,Virtys,2017-03-27,38420,4.351491335819909,Not Specified,2017
Cabals: Card Blitz,Card Game,PC (Windows),BISBOG SA,Kyy Games,2017-02-08,11502,3.8266884362642566,Windows XP SP2+,2017
Line of Sight,Shooter,PC (Windows),BlackSpot Entertainment,BlackSpot Entertainment,2017-01-31,41550,3.0368936955942707,Windows 7,2017
Dragon Awaken,MMORPG,Web Browser,Proficient city,Game Hollywood,2017-01-03,27734,4.802697034738897,Not Specified,2017
Infestation: The New Z,Shooter,PC (Windows),OP Productions LLC,Fredaikis AB,2016-11-22,33253,3.878851520871101,Windows 7,2016
One Tower,MOBA,PC (Windows),SkyReacher Entertainment,SkyReacher Entertainment,2016-11-11,20905,3.0969944524477446, Windows 7 or higher (64-bit),2016
Shadowverse,Card Game,PC (Windows),"Cygames, Inc.","Cygames, Inc.",2016-10-28,31935,3.7098197177716807,Windows 7,2016
AdventureQuest 3D,MMORPG,PC (Windows),Artix Entertainment,Artix Entertainment,2016-10-19,19234,4.017594259479535,Windows 7,2016
Riding Club Championships,Racing,PC (Windows),Artplant,Artplant,2016-09-27,38842,3.8920014758175823,"Windows Vista, 7, 8, and 10",2016
Battlerite,MOBA,PC (Windows),Stunlock Studios,Stunlock Studios,2016-09-21,12166,3.01660846020546,Window 7 or later,2016
Paladins,Shooter,PC (Windows),Hi-Rez Studios,Hi-Rez Studios,2016-09-16,44188,4.68827416230537,"Windows XP SP2, Windows Vista or Windows 7",2016
Omega Zodiac,MMORPG,Web Browser,Proficient City,Game Hollywood,2016-08-25,31583,4.113398416768989,Not Specified,2016
Riders of Icarus,MMORPG,PC (Windows),VALOFE,WeMade,2016-07-06,47428,3.695952513785782," Windows 7, 8, 10",2016
Naruto Online,MMORPG,Web Browser,OAS Games,Bandai Namco,2016-07-20,31573,4.814919160279725,Not Specified,2016
Zula,Shooter,PC (Windows),IDC/Games,IDC/Games,2016-06-23,42988,3.229845173284753,Windows XP/7/8/10,2016
LuckCatchers,MMORPG,PC (Windows),DiP Online,DiP Online,2016-06-15,19857,4.674289207513901, Win 7 and up,2016
UFO Online: Invasion,MMORPG,PC (Windows),Bad Pixel,Bad Pixel,2016-06-08,3534,4.977549561536658,"Windows XP, Vista, 7, 8, 10",2016
Weapons Of Mythology,MMORPG,PC (Windows),IDC/Games,Gamemag,2016-06-07,7394,3.3154024489868963,Window 7/8/10 (64 bit),2016
Tree of Savior,MMORPG,PC (Windows),IMC Games,IMC Games,2016-05-10,23751,4.823738763264709,Windows XP ,2016
Starbreak,MMORPG,"PC (Windows), Web Browser",Crunchy Games,Crunchy Games,2016-05-10,6383,4.6954824787644505,Windows Vista,2016
Fantasy Tales Online,MMORPG,PC (Windows),Cold Tea Studio ,Cold Tea Studio ,2016-05-06,25863,4.231484674057038,Windows 7 ,2016
Dragon Blood,MMORPG,Web Browser,101XP,101XP,2016-04-16,9975,4.640959840567563,Not Specified,2016
League of Angels 2,MMORPG,Web Browser,GTArcade,GTArcade,2016-04-06,6206,3.0050076791549127,Not Specified,2016
Astral Heroes,Card Game,PC (Windows),Apus Software,Apus Software,2016-03-15,20548,4.177005272833148,Not Specified,2016
Holodrive,Shooter,PC (Windows),Versus Evil,BitCake Studio,2016-03-24,49599,3.2046735547319236,"Windows Vista, 7, 8, 10",2016
Cabal Online,MMORPG,PC (Windows),ESTsoft,ESTsoft,2016-02-17,7253,3.2868547837340962, Windows XP SP 3 or newer,2016
Atom Universe,Social,PC (Windows),Atom Republic,Atom Republic,2016-02-27,21462,4.964394576086649,Windows 7/8 64-bit ,2016
Spellweaver,Card Game,PC (Windows),Dream Reactor,Dream Reactor,2016-02-02,13208,4.1979577308237355,Windows XP or later ,2016
Clash of Avatars,MMORPG,Web Browser,AMZgame,AMZgame,2016-01-19,29639,4.551944465925889,Not Specified,2016
War Trigger 3,Shooter,PC (Windows),Rocketeer Games,Rocketeer Games,2015-12-23,5995,3.7668464314372767,Windows 7 / OSX Lion,2015
VEGA Conflict,Strategy,PC (Windows),KIXEYE,KIXEYE,2015-12-15,44427,3.399132349270225,Windows XP+ ,2015
Metal War Online: Retribution,Shooter,PC (Windows),GDT Limited,GDT Limited,2015-12-11,12513,3.618316566955601, Windows 7 / Vista / XP SP3,2015
Immortal Empire,MMORPG,PC (Windows),Tactic Studios Inc.,Tactic Studios Inc.,2015-12-03,12998,3.7322797044936884,XP,2015
MechWarrior Online,Shooter,PC (Windows),Piranha Games Inc.,Piranha Games Inc.,2015-12-10,37215,3.6295426405109317,Windows Vista ,2015
Armored Warfare,Shooter,PC (Windows),My.com (Mail.ru Group),Obsidian Entertainment,2015-10-08,27126,3.7657380953949318,Windows Vista / 7 / 8 / 10 (64 Bit OS),2015
America’s Army: Proving Grounds,Shooter,PC (Windows),U.S. Army,U.S. Army,2015-10-01,9108,4.5931767964340695,Windows Vista ,2015
One Piece Online 2,MMORPG,Web Browser,JoyGames,JoyGames,2015-09-25,11273,3.520869445269099,Not Specified,2015
Legends of Honor,Strategy,Web Browser,Goodgame Empire,Goodgame Studios,2015-08-20,37568,3.669792058945988,Not Specified,2015
Felspire,MMORPG,Web Browser,37Games,37Games Entertainment,2015-08-07,35025,3.9577930419419842,Not Specified,2015
WARMODE,Shooter,PC (Windows),WARTEAM,WARTEAM,2015-08-26,42231,3.3623409762781655,Windows XP ,2015
Sphere 3: Enchanted World,MMORPG,PC (Windows),NIKITA ONLINE,NIKITA ONLINE,2015-08-18,49535,3.46314737330111,"Windows XP, Vista or Windows 7,8,8.1 (32 or 64-bit)",2015
Fishing Planet,Sports,PC (Windows),Fishing Planet LLC,Fishing Planet LLC,2015-08-11,28164,3.540409476159628,"Windows XP, Windows Vista, or Windows 7",2015
Aberoth, MMORPG,Web Browser,Jarbit,Jarbit,2015-07-17,19397,3.8508389214404657,Not Specified,2015
Codename CURE,Shooter,PC (Windows),Hoobalugalar_X,Hoobalugalar_X,2015-07-18,23979,3.483105794124182,Windows® 7 (32/64-bit)/Vista/XP ,2015
Card Hunter,Card Game,"PC (Windows), Web Browser",Blue Manchu,Blue Manchu,2015-07-14,48370,3.41804777472528,Windows 7 or later ,2015
Fallout Shelter,Strategy,PC (Windows),Bethesda Game Studios,Bethesda Game Studios,2015-06-14,12923,4.801108561860435,Windows 7 64 bit,2015
Lord’s Road,MMORPG,Web Browser,AMZGame,AMZGame,2015-06-03,22715,4.929526225541732,Not Specified,2015
Salem,MMORPG,PC (Windows),Mortal Moments,John Carver,2015-06-19,35302,3.2584808683033986,"Windows XP, Windows Vista, or Windows 7",2015
Heroes of the Storm,MOBA,PC (Windows), Blizzard Entertainment, Blizzard Entertainment,2015-06-02,12286,4.753115466048406,Windows XP / Vista / 7 / 8,2015
Dirty Bomb,Shooter,PC (Windows),"
Warchest Ltd.",Splash Damage,2015-06-01,19526,4.509369242425141,Windows 7 (64-bit) ,2015
Vikings: War Of Clans,Strategy,Web Browser,Plarium,Plarium,2015-04-15,21408,4.465664991467269,Not Specified,2015
Star Trek: Alien Domain,Strategy,Web Browser,GameSamba,GameSamba,2015-04-07,43818,4.3049020369889615,Not Specified,2015
Survarium,Shooter,PC (Windows),Vostok Games,Vostok Games,2015-04-02,14887,3.376074554995636,"Windows 7 (Service Pack 1), Windows 8.1 (64 bit)",2015
Dungeon Fighter Online,Fighting,PC (Windows),Neople,Neople (Subsidiary of Nexon),2015-03-24,48760,3.38560404375512,Windows XP / Vista / 7 / 8,2015
Grimoire: Manastorm,Shooter,PC (Windows),Omniconnection,Omniconnection,2015-02-04,20592,3.1079344085573686,"Windows XP SP3 (32-bit only), Windows Vista, Windows 7",2015
StarColony,Strategy,Web Browser,Eiyland LLC,Eiyland LLC,2015-01-01,13691,3.601308849267503,Not Specified,2015
Transformice,Fantasy,"PC (Windows), Web Browser",Atelier 801,Atelier 801,2015-01-30,25649,3.332161680824858,Windows XP ,2015
Gear Up,Shooter,PC (Windows),Doctor Entertainment,Doctor Entertainment,2015-01-29,34106,4.46604366606891,Windows Vista SP2 / Windows 7 / Windows 8,2015
8BitMMO,MMORPG,"PC (Windows), Web Browser",Archive Entertainment ,Archive Entertainment ,2015-01-26,48806,3.4772559376050953,Windows XP ,2015
Siegelord,Strategy,Web Browser,37Games Entertainment,37Games Entertainment,2014-12-19,8338,3.0883974192405166,Not Specified,2014
Dungeon Defenders 2,Shooter,PC (Windows),Trendy Entertainment,Trendy Entertainment,2014-12-05,42358,3.7207724537894586,Windows 7 (SP1) ,2014
Blockade 3D,Shooter,PC (Windows),Shumkov Dmitriy,Shumkov Dmitriy,2014-11-05,16294,3.563327950882223,Windows XP / 7 / 8 / 8.1 / 10,2014
Eldevin,MMORPG,"PC (Windows), Web Browser",Hunted Cow Studios,Hunted Cow Studios,2014-11-05,45103,4.98106743553927,"Windows XP, Vista, 7, 8",2014
Double Action,Shooter,PC (Windows),Double Action Factory ,Double Action Factory ,2014-10-23,18343,4.744263979098648,Windows XP ,2014
Pox Nora,Card Game,PC (Windows),Desert Owl Games LLC ,Desert Owl Games LLC ,2014-10-15,25791,4.784430734380668, Windows XP/Vista/7/8,2014
Counter-Strike Nexon,Shooter,PC (Windows),Nexon Europe GmbH,Nexon,2014-10-07,33364,4.762520095353411,Windows XP ,2014
Uncharted Waters Online,MMORPG,PC (Windows),Papaya Play ,"KOEI TECMO GAMES CO., LTD. ",2014-10-03,33280,3.210353930584927,Windows Vista and above ,2014
ArcheAge,MMORPG,PC (Windows),Kakao Games,XL Games,2014-09-04,33611,4.022123440552551,Windows XP / Sp3 / Vista / Windows 7 / Windows 8,2014
Tribal Wars 2,Strategy,Web Browser,InnoGames,InnoGames,2014-09-02,28524,3.9508170520618275,Not Specified,2014
WAKFU,MMORPG,PC (Windows),Ankama Games,Ankama Studio,2014-09-19,32657,4.99632758159631,Windows XP SP3 or higher ,2014
Infinity Wars,Card Game,PC (Windows),Lightmare Studios,Lightmare Studios,2014-09-05,26648,4.336063304542696,Windows XP or later ,2014
Divine Souls,MMORPG,PC (Windows),Suba Games ,GamePrix ,2014-08-15,49844,3.7163676800614613,Windows XP or later ,2014
Cubic Castles,MMO,PC (Windows),Cosmic Cow LLC,Cosmic Cow LLC,2014-08-13,1048,4.717104521720457,Windows 7,2014
Royal Quest,MMORPG,PC (Windows),1C Online Games ,Katauri ,2014-08-06,12446,3.6397612027540087,Windows 7/ Vista / XP SP3 ,2014
Bleach Online,MMORPG,Web Browser,GoGames,GoGames,2014-07-14,42743,4.943611988716658,Not Specified,2014
Unturned,Shooter,PC (Windows),Smartly Dressed Games,Smartly Dressed Games,2014-07-08,22628,4.599620184426198,Windows 7 32-bit ,2014
Warface,Shooter,PC (Windows),Crytek,Crytek,2014-07-01,46514,4.24528058905303,"Windows Vista, Windows 7, Windows 8 ",2014
Freestyle2: Street Basketball,Sports,PC (Windows),Joycity,Joycity,2014-06-20,15160,3.019818575307865,Window XP ,2014
Fistful of Frags,Shooter,PC (Windows),Fistful of Frags Team,Fistful of Frags Team,2014-05-10,13490,3.585013509317801,Not Specified,2014
GunZ 2: The Second Duel,Shooter,PC (Windows),MAIET Entertainme,MAIET Entertainme,2014-05-01,35363,3.5743864851623153,XP / Vista / 7 / 8,2014
Archeblade,Fighting,PC (Windows),CodeBrush Games,CodeBrush Games,2014-04-25,21285,4.472878439061076, Windows XP 32bit,2014
Villagers and Heroes,MMORPG,PC (Windows),Mad Otter Games,Mad Otter Games,2014-04-17,32505,3.04102192145495,Windows XP / 7 / 8 / 10,2014
Sparta: War of Empires,Strategy,Web Browser,Plarium,Plarium,2014-03-13,34955,3.4275276537823665,Not Specified,2014
Smite,MOBA,PC (Windows),Hi-Rez Studios,Hi-Rez Studios,2014-03-25,33553,3.906436307967287,"Windows XP SP2, Windows Vista or Windows 7",2014
Dogs of War Online,Strategy,PC (Windows),Cyanide,Cyanide,2014-02-04,29021,3.5182411560332607,Windows XP/Vista/Win7/Win8 x86 or x64 bit,2014
Hearthstone: Heroes of Warcraft,Card Game,PC (Windows),Blizzard Entertainment,Blizzard Entertainment,2014-01-21,38585,3.3338489566924636,Windows XP / Vista / 7 / 8,2014
Lucent Heart,MMORPG,PC (Windows),Suba Games,Playcoco (Subsidiary of Gamania),2014-01-10,31862,3.89968340105487,XP / Vista / 7 / 8 / 10,2014
League of Angels,MMORPG,Web Browser,GTArcade,Youzu Interactive,2013-12-10,2743,3.8466190423547837,Not Specified,2013
Aura Kingdom,MMORPG,PC (Windows),X-Legend,X-Legend,2013-12-23,45757,3.140820916773277,"Windows XP, Windows Vista, Windows 7 (32bit/64bit), Windows 8 ",2013
Crystal Saga,MMORPG,Web Browser,"Aeria, R2Games",R2Games,2013-11-20,26428,4.994795085614312,Not Specified,2013
World of Warplanes,Shooter,PC (Windows),Wargaming,Wargaming,2013-11-12,22763,3.7377390949872784,Windows XP,2013
RIFT,MMORPG,PC (Windows),Trion Worlds,Trion Worlds,2013-10-24,30139,3.6329824088035165,"Windows XP, Vista or 7 ",2013
Path of Exile,MMORPG,PC (Windows),Grinding Gear Games,Grinding Gear Games,2013-10-23,2462,4.965380235478366,Windows XP SP3/Vista/Windows 7/8 ,2013
Soldiers Inc.,Strategy,Web Browser,Plarium Games,Plarium Games,2013-08-01,47212,3.5489157294241562,Not Specified,2013
Nords: Heroes of the North,Strategy,Web Browser,Plarium Games,Plarium Games,2013-08-01,6716,4.707313388114358,Not Specified,2013
Dota 2,MOBA,PC (Windows),Valve,Valve,2013-07-09,2011,3.099161625703388,Windows 7 ,2013
Ragnarok Online 2,MMORPG,PC (Windows),Gravity Interactive,"Gravity, Inc.",2013-05-01,17680,3.8351086991830656,Windows XP ,2013
Panzar,MOBA,PC (Windows),Panzar,Troxit Service,2013-04-12,4853,4.486330926243326,Windows® XP ,2013
Kingdom Wars,Strategy,PC (Windows),"Reverie World Studios, INC","Reverie World Studios, INC",2013-04-01,36268,3.0075463872658417,Windows Vista ,2013
Warframe,Shooter,PC (Windows),Digital Extremes,Digital Extremes,2013-03-25,29510,4.486878209935743,Windows XP SP 3 or higher ,2013
Champions of Regnum,MMORPG,PC (Windows),NGD Studios,NGD Studios,2013-02-27,21147,4.30801071425483,Windows XP ,2013
Star Conflict,Shooter,PC (Windows),Gaijin Entertainment,Star Gem Inc.,2013-02-28,33055,4.595771197662454,Windows XP ,2013
Rail Nation,Strategy,Web Browser,Bright Future,Travian Games,2013-01-13,20431,4.263533424764288,Not Specified,2013
Epic Cards Battle,Card Game,PC (Windows),momoStorm Entertainment,momoStorm,2013-01-29,44765,4.6466292051973035,Windows XP / 7 / 8 / 10,2013
Age of Wushu,MMORPG,PC (Windows),Snail Games,Snail Games,2012-12-20,8204,4.592426610530891,Windows XP,2012
Everquest,MMORPG,PC (Windows),Daybreak Games,Daybreak Games,2012-12-13,37858,3.944241818186698,Windows 7,2012
Mabinogi,MMORPG,PC (Windows),Nexon America Inc. ,NEXON Korea Corp.,2012-12-06,12373,4.879469651891695,Windows Vista or later ,2012
Stormfall: Age of War,Strategy,Web Browser,Plarium,Plarium,2012-11-01,38923,3.336023013419786,Not Specified,2012
PlanetSide 2,Shooter,PC (Windows),Daybreak Games,Daybreak Games,2012-11-21,5344,3.845501114879766, Windows 7 64-bit or later ,2012
AirMech,Strategy,PC (Windows),Carbon Games,Carbon Games,2012-11-08,45446,4.642509638889204,Windows Vista/7/8/10,2012
Big Farm,Strategy,Web Browser,GoodGame Studios,GoodGame Studios,2012-10-29,48769,3.1198433982595914,Not Specified,2012
Wartune,MMORPG,Web Browser,R2 Games,7Th Road,2012-10-25,34554,3.5716689885455524,Not Specified,2012
Pirate 101,MMORPG,PC (Windows),KingsIsle Entertainment,KingsIsle Entertainment,2012-10-15,45396,3.796865169143824,Windows Vista or better,2012
Dino Storm,MMORPG,Web Browser,Splitscreen S.,Splits. S,2012-09-12,44292,4.527641265346355,Not Specified,2012
The Settlers Online,Strategy,Web Browser,Ubisoft,Blue Byte,2012-09-11,17601,4.328499126966182,Not Specified,2012
Continent of the Ninth Seal,MMORPG,PC (Windows),Webzen,NHN Games (Acquired by Webzen),2012-09-13,10647,3.098153058446824,Windows XP / Vista / 7 / 8,2012
Counter-Strike 2,Shooter,PC (Windows),Valve,Valve,2012-08-21,49115,4.675764606282406,Windows® 7/Vista/XP,2012
RPG MO,MMORPG,"PC (Windows), Web Browser",Marxnet,Marxnet,2012-07-18,40885,3.956814060992366,Not Specified,2012
Realm of the Mad God,MMORPG,"PC (Windows), Web Browser",Kabam,Wild Shadow Studios,2012-02-21,34189,3.514959091836826,Windows XP or later ,2012
Pirates: Tides of Fortune,Strategy,Web Browser,Plarium Games,Plarium Games,2012-02-12,47399,4.35895826912875,Not Specified,2012
Stronghold Kingdoms,Strategy,Web Browser,FireFly Studios,FireFly Studios,2012-02-28,36180,4.382944366222646,Not Specified,2012
Star Wars: The Old Republic,MMORPG,PC (Windows),Electronic Arts,Bioware,2011-12-20,12097,3.8073557982548922,Windows 7 / 8,2011
No More Room in Hell,Shooter,PC (Windows),Lever Games,No More Room in Hell Team,2011-10-31,10649,3.896599799925443,Windows® Vista ,2011
Digimon Masters Online,MMORPG,PC (Windows),MOVE ON USA CO.,"Move Games Co., Ltd.",2011-10-20,3724,3.492299148002643,Windows XP or better,2011
Dragon Nest,MMORPG,PC (Windows), Eyedentity Games Inc., Eyedentity Games Inc.,2011-09-28,7921,4.846535269739141,Windows XP or higher,2011
Drakensang Online,MMORPG,Web Browser,Bigpoint,Bigpoint,2011-08-08,49412,3.365370670411954,Not Specified,2011
Spiral Knights,MMORPG,PC (Windows),SEGA,Three Rings,2011-06-15,20941,3.375129256910795,"Windows XP, Vista or 7 ",2011
Steel Legions,Shooter,Web Browser,Splitscreen Studios,Splitscreen Studios,2011-06-15,31813,3.461607310012983,Not Specified,2011
Asda Global,MMORPG,PC (Windows),GamenGame,Maxonsoft,2011-05-19,32178,3.395000990109464,Windows XP / Vista / 7 / 8,2011
Brink,Shooter,PC (Windows),Bethesda Softworks,Splash Damage,2011-05-09,23493,3.558356160552461,Windows XP(SP3) or later,2011
Allods Online,MMORPG,PC (Windows),My.com,Allods Team,2011-04-26,19639,4.42279855099415,Windows XP / Vista / 7 / 8,2011
Elsword,MMORPG,PC (Windows),KOG Games,KOG,2011-03-23,35106,3.4409413478686925,Windows XP ,2011
DC Universe Online,MMORPG,PC (Windows),Daybreak Games,Daybreak Games,2011-01-11,5429,3.2377603530918706,Windows XP 32-bit ,2011
Bloodline Champions,MOBA,PC (Windows),Stunlock Studios,Stunlock Studios,2011-01-13,43313,4.685959089593321,"Windows® XP Service Pack 3, Vista, or 7 ",2011
GetAmped 2,Fighting,PC (Windows),CyberStep,CyberStep,2010-12-16,11200,3.7689390265820872,Windows XP / 7 / 8 / 10,2010
Dragon Saga,MMORPG,PC (Windows),Gravity Interactive,Gravity Interactive,2010-10-28,28419,3.976209675398027,Windows XP,2010
Vindictus,MMORPG,PC (Windows),Nexon,devCAT,2010-10-13,23182,3.496544033479371,Windows XP / Vista / 7 / 8,2010
Aika Online,MMORPG,PC (Windows),HanbitSoft,JoyImpact,2010-08-27,31135,3.480237319611803,Windows 2000 / XP / Vista,2010
APB Reloaded,Shooter,PC (Windows),Reloaded Games,Reloaded Productions,2010-06-29,36457,3.582781115578876,Windows XP ,2010
Mortal Online,MMORPG,PC (Windows),Star Vault AB ,Star Vault AB ,2010-06-09,28693,3.587970979558226,Windows 7 x64 ,2010
Grand Fantasia,MMORPG,PC (Windows),X-Legend Entertainment,X-Legend Entertainment,2009-12-01,21715,4.005579763555076,XP / 2000 / Vista / 7 / 8,2009
Grepolis,Strategy,Web Browser,InnoGames,InnoGames,2009-12-08,30668,4.2263959236339295,Not Specified,2009
League of Legends,MOBA,PC (Windows),Riot Games,Riot Games,2009-10-27,45766,3.792623081072935,"Windows XP, Vista, 7, 8",2009
Twelve Sky 2,MMORPG,PC (Windows),RedFox Games,SG Data,2009-09-09,6234,3.3532600722060355,Windows XP / 2000,2009
Champions Online,MMORPG,PC (Windows),Perfect World Entertainment,Cryptic Studios,2009-09-01,26401,4.723285926435526,Windows XP/Vista/Windows 7 ,2009
WolfTeam,Shooter,PC (Windows),Aeria Games,Softnyx,2009-07-09,21927,4.82587477519175,XP / Vista / 7 / 8,2009
Runes of Magic,MMORPG,PC (Windows),GameForge,Runewalker Entertainment,2009-03-19,34679,3.8207306880882577,Windows XP / Vista / 7 / 8,2009
theHunter,Shooter,PC (Windows),"Expansive Worlds , Avalanche Studios","Expansive Worlds , Avalanche Studios",2009-03-05,35680,4.711337889156143,Windows ® 10/8/7 ,2009
AION,MMORPG,PC (Windows),NCSOFT,NCSOFT,2008-11-25,37283,4.361134014958994,Windows XP/Vista/7/8 32 and 64-bit ,2008
Atlantica Online,MMORPG,PC (Windows),VALOFE,NDOORS Corporation,2008-10-30,36426,4.064161452299808,Windows XP / Vista / 7 / 8,2008
Florensia,MMORPG,PC (Windows),Netts Corporation,Netts Corporation,2008-10-15,8842,4.611659687864082,Windows 2000/XP,2008
4Story,MMORPG,PC (Windows),Zemi Interactive,Zemi Interactive,2008-10-20,8933,4.756866670293137,XP / 2000 / Vista / 7 / 8,2008
AdventureQuest Worlds,MMORPG,Web Browser,Artix Entertainment,Artix Entertainment,2008-10-10,34793,3.26106740316365,Not Specified,2008
S4 league,Shooter,PC (Windows),VALOFE Global,GameOn Studio,2008-09-22,48878,3.55240840599504,XP / Vista / 7 / 8,2008
Wizard101,MMORPG,PC (Windows),KingsIsle Entertainment,KingsIsle Entertainment,2008-09-02,38125,4.648152509907098,Windows Microsoft Vista Service Pack 2 or higher,2008
Perfect World International,MMORPG,PC (Windows),"Beijing Perfect World, Perfect World Entertainment",Beijing Perfect World,2008-09-02,19827,3.446148988430758,Windows 2000/XP/Vista/7,2008
Ace Online,Shooter,PC (Windows),Suba Games,MasangSoft,2008-08-29,40718,4.421339215144533,Windows 98 / ME / XP / Vista / 7 / 8,2008
Rohan: Blood Feud,MMORPG,PC (Windows),Playwith Interactive,Playwith Interactive,2008-05-28,22101,4.960645218386846,Windows XP SP 3 Windows 7 ,2008
Age of Conan: Unchained,MMORPG,PC (Windows),Funcom,Funcom,2008-05-20,41851,3.0831514305969354,Windows Xp 32 bit,2008
Ikariam,Strategy,Web Browser,GameForge,GameForge,2008-03-31,7790,4.07222899819807,Not Specified,2008
Fiesta Online,MMORPG,PC (Windows),gamigo AG,Onson Soft,2008-02-01,30126,3.318755872452754,"Win XP, Win Vista, Win 7, Win 8",2008
Angels Online,MMORPG,PC (Windows),I Got Games,UserJoy Technology,2007-12-01,7096,4.467544683844442,Windows 95 and up,2007
Seal Online,MMORPG,PC (Windows),YNK Interactive,YNK Interactive,2007-11-19,22878,4.959492280216872,Windows 2000 / XP / Vista,2007
Team Fortress 2,Shooter,PC (Windows),Valve,Valve,2007-10-10,17099,4.539310360622472,Windows® 7 (32/64-bit)/Vista/XP ,2007
Rumble Fighter,Fighting,PC (Windows),RedFox Games,Nimonix,2007-08-02,28114,3.235208054062058,Windows XP,2007
Granado Espada Online,MMORPG,PC (Windows),T3Fun,IMC Games Co. Limited,2007-07-10,17416,3.3157878163727723,Windows XP / Vista / 7 / 8,2007
9Dragons,MMORPG,PC (Windows),Battlezone,JoongWon Games,2007-05-09,2973,3.34487860772283,"Windows XP, Windows Vista, or Windows 7",2007
Crossfire,Shooter,PC (Windows),Neowiz Games,SmileGate,2007-05-03,5665,4.0965597614588845,"Windows Vista, And Windows 7",2007
Teeworlds,Shooter,PC (Windows),Teeworlds Team ,Teeworlds Team ,2007-05-27,20779,4.056505542146823,Microsoft® Windows® XP or newer ,2007
Priston Tale,MMORPG,PC (Windows),Suba Games,Trglow Pictures,2007-05-17,26959,4.791526198249831,Windows 98/ME/2000/XP,2007
Roblox,MMO,PC (Windows),Roblox Corporation,Roblox Corporation,2006-12-22,27851,4.14021039771117,"Vista, Windows 7 and Windows 8/8.1 ",2006
Metin2,MMORPG,PC (Windows),Gameforge,Ymir Entertainment,2006-12-17,40471,4.721079610529667,"Win 7, Win 8 ",2006
Dark Orbit Reloaded,Shooter,Web Browser,Bigpoint,Bigpoint,2006-12-11,18719,3.3014131244962357,Not Specified,2006
Rappelz,MMORPG,PC (Windows),Webzen,Gala Lab,2006-11-03,33437,4.215256633249062,"Windows XP, Windows Vista, Windows 7",2006
Grand Prix Racing Online,Strategy,Web Browser,GPRO.net,GPRO.net,2006-08-01,7703,3.1581063614438074,Not Specified,2006
Astro Empires,Strategy,Web Browser,Cybertopia,Cybertopia,2006-05-20,31054,4.836021726387623,Not Specified,2006
Dungeons and Dragons Online,MMORPG,PC (Windows),Warner Bros. Interactive Entertainment,"Turbine, Inc.",2006-02-28,18798,4.576574209811283,Windows® System XP SP2 ,2006
Urban Rivals,Card Game,Web Browser,Boostr ,Acute Mobile,2006-01-17,30929,3.0092914379339604,Not Specified,2006
Flyff: Fly For Fun,MMORPG,PC (Windows),Webzen,Gala Lab Corp (formerly Aeonsoft),2005-12-25,22944,3.1994818755581127,Windows XP / Vista / 7 / 8,2005
Dream of Mirror Online,MMORPG,PC (Windows),SubaGames,SoftStar,2005-09-03,17699,4.328711002023827,Windows XP/Vista/2000/98,2005
Imperia Online,Strategy,Web Browser,Imperia Online Ltd.,Imperia Online Ltd.,2005-08-23,40279,4.191264763115339,Not Specified,2005
MapleStory,MMORPG,PC (Windows),Nexon,Wizet,2005-05-11,4097,3.5930733789747835,XP / Vista / 7 / 8,2005
Shot Online,Sports,PC (Windows),GamesCampus,OnNet Co. Ltd.,2004-11-30,14292,3.7718666331618502,Windows XP / Vista / 7 / 8,2004
Everquest 2,MMORPG,PC (Windows),Daybreak Games,Daybreak Games,2004-11-08,45086,3.2838950455193237,Windows 7,2004
Dofus,MMORPG,PC (Windows),Ankama Games,Ankama Games,2004-09-01,3403,3.6076999359549458,Windows Vista/7,2004
Travian,Strategy,Web Browser,Travian Games,Travian Games,2004-09-05,30624,4.509886172393404,Not Specified,2004
Ryzom,MMORPG,PC (Windows),Winch Gate,Nevrax,2004-09-19,49392,4.531515505654504,XP / Vista / 7 / 8,2004
Kal Online,MMORPG,PC (Windows),Inisxoft,Inisxoft,2004-06-11,8257,4.255657039088874,Windows XP or above,2004
Lineage 2,MMORPG,PC (Windows),NCSoft,NCSoft,2004-04-27,49629,4.226650852045035,Windows XP / Vista / 7 / 8,2004
Red Stone Online,MMORPG,PC (Windows),"L＆K CO., LTD","L＆K CO., LTD",2003-10-06,40632,4.001776785158372,"Windows 7, Windows XP, Windows Vista ",2003
Mu Online,MMORPG,PC (Windows),Webzen,Webzen,2003-10-06,29423,3.1005612354584677,Windows XP Service Pack 2,2003
Second Life,Social,PC (Windows),Linden Lab,Linden Lab,2003-06-23,25951,3.56690377858596,Windows Vista / 7 / 8.1,2003
Ragnarok Online,MMORPG,PC (Windows),Gravity Interactive ,Gravity Interactive ,2003-06-01,46938,3.5470928637670562,Windows-based (with administrative ability to install and patch) ,2003
Entropia Universe,MMORPG,PC (Windows),MindArk,MindArk,2003-01-30,6317,3.4280901089428286,Windows XP or higher,2003
Habbo,Social,Web Browser,Sulake Corporation,Sulake Corporation,2001-09-26,19008,3.9483006003388694,Not Specified,2001
Anarchy Online,MMORPG,PC (Windows),Funcom,Funcom,2001-06-27,6040,4.129090752135177,Windows XP / Vista,2001
The Lord of the Rings Online,MMORPG,PC (Windows),Warner Bros. Interactive Entertainment,"Turbine, Inc.",2001-04-24,29924,3.5576013578046313,Windows XP (Service Pack 2) ,2001
